,utter_1,utter_2,label,chapter_tag,split_tag
0,"""May I hope, madam, for your interest with your fair daughter Elizabeth,       when I solicit for the honour of a private audience with her in the course       of this morning?""","""Oh dear!—yes—certainly. I am sure       Lizzy will be very happy—I am sure she can have no objection. Come,       Kitty, I want you up stairs.""",B-START,Chapter 19,test
1,"""Oh dear!—yes—certainly. I am sure       Lizzy will be very happy—I am sure she can have no objection. Come,       Kitty, I want you up stairs.""","""Dear madam, do not go. I beg you will not go. Mr Collins must excuse me.       He can have nothing to say to me that anybody need not hear. I am going       away myself.""",B-OTHER,Chapter 19,test
2,"""Dear madam, do not go. I beg you will not go. Mr Collins must excuse me.       He can have nothing to say to me that anybody need not hear. I am going       away myself.""","""No, no, nonsense, Lizzy. I desire you to stay where you are.""",B-OTHER,Chapter 19,test
3,"""No, no, nonsense, Lizzy. I desire you to stay where you are.""","""Lizzy, I insist upon your staying and hearing       Mr Collins.""",B-OTHER,Chapter 19,test
4,"""Lizzy, I insist upon your staying and hearing       Mr Collins.""","""Believe me, my dear MissElizabeth, that your modesty, so far from doing       you any disservice, rather adds to your other perfections. You would have       been less amiable in my eyes had there not been this little       unwillingness; but allow me to assure you, that I have your respected       mother's permisson for this address. You can hardly doubt the purport of       my discourse, however your natural delicacy may lead you to dissemble; my       attentions have been too marked to be mistaken. Almost as soon as I       entered the house, I singled you out as the companion of my future life.       But before I am run away with by my feelings on this subject, perhaps it       would be advisable for me to state my reasons for marrying—and,       moreover, for coming into Hertfordshire with the design of selecting a       wife, as I certainly did.""",I-OTHER,Chapter 19,test
5,"""Believe me, my dear MissElizabeth, that your modesty, so far from doing       you any disservice, rather adds to your other perfections. You would have       been less amiable in my eyes had there not been this little       unwillingness; but allow me to assure you, that I have your respected       mother's permisson for this address. You can hardly doubt the purport of       my discourse, however your natural delicacy may lead you to dissemble; my       attentions have been too marked to be mistaken. Almost as soon as I       entered the house, I singled you out as the companion of my future life.       But before I am run away with by my feelings on this subject, perhaps it       would be advisable for me to state my reasons for marrying—and,       moreover, for coming into Hertfordshire with the design of selecting a       wife, as I certainly did.""","""My reasons for marrying are, first, that I think it a right thing for       every clergyman in easy circumsances (like myself) to set the example of       matrimony in his parish; secondly, that I am convinced that it will add       very greatly to my happiness; and thirdly—which perhaps I ought to       have mentioned earlier, that it is the particular advice and       recommendation of the very noble lady whom I have the honour of calling       patroness. Twice has she condescended to give me her opinion (unasked       too!) on this subject; and it was but the very Saturday night before I       left Hunsford—between our pools at quadrille, while Mrs Jenkinson       was arranging Missde Bourgh's footstool, that she said, 'Mr Collins, you       must marry. A clergyman like you must marry. Choose properly, choose a       gentlewoman for my sake; and for your own, let her be an       active, useful sort of person, not brought up high, but able to make a       small income go a good way. This is my advice. Find such a woman as soon       as you can, bring her to Hunsford, and I will visit her.' Allow me, by the       way, to observe, my fair cousin, that I do not reckon the notice and       kindness of Lady Catherine de Bourgh as among the least of the advantages       in my power to offer. You will find her manners beyond anything I can       describe; and your wit and vivacity, I think, must be acceptable to her,       especially when tempered with the silence and respect which her rank will       inevitably excite. Thus much for my general intention in favour of       matrimony; it remains to be told why my views were directed towards       Longbourn instead of my own neighbourhood, where I can assure you there       are many amiable young women. But the fact is, that being, as I am, to       inherit this estate after the death of your honoured father (who, however,       may live many years longer), I could not satisfy myself without resolving       to choose a wife from among his daughters, that the loss to them might be       as little as possible, when the melancholy event takes place—which,       however, as I have already said, may not be for several years. This has       been my motive, my fair cousin, and I flatter myself it will not sink me       in your esteem. And now nothing remains for me but to assure you in the       most animated language of the violence of my affection. To fortune I am       perfectly indifferent, and shall make no demand of that nature on your       father, since I am well aware that it could not be complied with; and that       one thousand pounds in the four per cents, which will not be yours till       after your mother's decease, is all that you may ever be entitled to. On       that head, therefore, I shall be uniformly silent; and you may assure       yourself that no ungenerous reproach shall ever pass my lips when we are       married.""",B-OTHER,Chapter 19,test
6,"""My reasons for marrying are, first, that I think it a right thing for       every clergyman in easy circumsances (like myself) to set the example of       matrimony in his parish; secondly, that I am convinced that it will add       very greatly to my happiness; and thirdly—which perhaps I ought to       have mentioned earlier, that it is the particular advice and       recommendation of the very noble lady whom I have the honour of calling       patroness. Twice has she condescended to give me her opinion (unasked       too!) on this subject; and it was but the very Saturday night before I       left Hunsford—between our pools at quadrille, while Mrs Jenkinson       was arranging Missde Bourgh's footstool, that she said, 'Mr Collins, you       must marry. A clergyman like you must marry. Choose properly, choose a       gentlewoman for my sake; and for your own, let her be an       active, useful sort of person, not brought up high, but able to make a       small income go a good way. This is my advice. Find such a woman as soon       as you can, bring her to Hunsford, and I will visit her.' Allow me, by the       way, to observe, my fair cousin, that I do not reckon the notice and       kindness of Lady Catherine de Bourgh as among the least of the advantages       in my power to offer. You will find her manners beyond anything I can       describe; and your wit and vivacity, I think, must be acceptable to her,       especially when tempered with the silence and respect which her rank will       inevitably excite. Thus much for my general intention in favour of       matrimony; it remains to be told why my views were directed towards       Longbourn instead of my own neighbourhood, where I can assure you there       are many amiable young women. But the fact is, that being, as I am, to       inherit this estate after the death of your honoured father (who, however,       may live many years longer), I could not satisfy myself without resolving       to choose a wife from among his daughters, that the loss to them might be       as little as possible, when the melancholy event takes place—which,       however, as I have already said, may not be for several years. This has       been my motive, my fair cousin, and I flatter myself it will not sink me       in your esteem. And now nothing remains for me but to assure you in the       most animated language of the violence of my affection. To fortune I am       perfectly indifferent, and shall make no demand of that nature on your       father, since I am well aware that it could not be complied with; and that       one thousand pounds in the four per cents, which will not be yours till       after your mother's decease, is all that you may ever be entitled to. On       that head, therefore, I shall be uniformly silent; and you may assure       yourself that no ungenerous reproach shall ever pass my lips when we are       married.""","""You are too hasty, sir,""",B-OTHER,Chapter 19,test
7,"""You are too hasty, sir,""","""You forget that I have made no       answer. Let me do it without further loss of time. Accept my thanks for       the compliment you are paying me. I am very sensible of the honour of your       proposals, but it is impossible for me to do otherwise than to decline       them.""",B-OTHER,Chapter 19,test
8,"""You forget that I have made no       answer. Let me do it without further loss of time. Accept my thanks for       the compliment you are paying me. I am very sensible of the honour of your       proposals, but it is impossible for me to do otherwise than to decline       them.""","""I am not now to learn,""",I-OTHER,Chapter 19,test
9,"""I am not now to learn,""","""that it is usual with young ladies to reject the addresses of the       man whom they secretly mean to accept, when he first applies for their       favour; and that sometimes the refusal is repeated a second, or even a       third time. I am therefore by no means discouraged by what you have just       said, and shall hope to lead you to the altar ere long.""",B-OTHER,Chapter 19,test
10,"""that it is usual with young ladies to reject the addresses of the       man whom they secretly mean to accept, when he first applies for their       favour; and that sometimes the refusal is repeated a second, or even a       third time. I am therefore by no means discouraged by what you have just       said, and shall hope to lead you to the altar ere long.""","""Upon my word, sir,""",I-OTHER,Chapter 19,test
11,"""Upon my word, sir,""","""your hope is a rather extraordinary       one after my declaration. I do assure you that I am not one of those young       ladies (if such young ladies there are) who are so daring as to risk their       happiness on the chance of being asked a second time. I am perfectly       serious in my refusal. You could not make me happy, and I am       convinced that I am the last woman in the world who could make you so.       Nay, were your friend Lady Catherine to know me, I am persuaded she would       find me in every respect ill qualified for the situation.""",B-OTHER,Chapter 19,test
12,"""your hope is a rather extraordinary       one after my declaration. I do assure you that I am not one of those young       ladies (if such young ladies there are) who are so daring as to risk their       happiness on the chance of being asked a second time. I am perfectly       serious in my refusal. You could not make me happy, and I am       convinced that I am the last woman in the world who could make you so.       Nay, were your friend Lady Catherine to know me, I am persuaded she would       find me in every respect ill qualified for the situation.""","""Were it certain that Lady Catherine would think so,""",I-OTHER,Chapter 19,test
13,"""Were it certain that Lady Catherine would think so,""","""but I cannot imagine that her ladyship would at all       disapprove of you. And you may be certain when I have the honour of seeing       her again, I shall speak in the very highest termsof your modesty,       economy, and other amiable qualification.""",B-OTHER,Chapter 19,test
14,"""but I cannot imagine that her ladyship would at all       disapprove of you. And you may be certain when I have the honour of seeing       her again, I shall speak in the very highest termsof your modesty,       economy, and other amiable qualification.""","""Indeed, Mr Collins, all praise of me will be unnecessary. You must give       me leave to judge for myself, and pay me the compliment of believing what       I say. I wish you very happy and very rich, and by refusing your hand, do       all in my power to prevent your being otherwise. In making me the offer,       you must have satisfied the delicacy of your feelings with regard to my       family, and may take possession of Longbourn estate whenever it falls,       without any self-reproach. This matter may be considered, therefore, as       finally settled.""",I-OTHER,Chapter 19,test
15,"""Indeed, Mr Collins, all praise of me will be unnecessary. You must give       me leave to judge for myself, and pay me the compliment of believing what       I say. I wish you very happy and very rich, and by refusing your hand, do       all in my power to prevent your being otherwise. In making me the offer,       you must have satisfied the delicacy of your feelings with regard to my       family, and may take possession of Longbourn estate whenever it falls,       without any self-reproach. This matter may be considered, therefore, as       finally settled.""","""When I do myself the honour of speaking to you next on the subject, I       shall hope to receive a more favourable answer than you have now given me;       though I am far from accusing you of cruelty at present, because I know it       to be the established custom of your sex to reject a man on the first       application, and perhaps you have even now said as much to encourage my       suit as would be consistent with the true delicacy of the female       character.""",B-OTHER,Chapter 19,test
16,"""When I do myself the honour of speaking to you next on the subject, I       shall hope to receive a more favourable answer than you have now given me;       though I am far from accusing you of cruelty at present, because I know it       to be the established custom of your sex to reject a man on the first       application, and perhaps you have even now said as much to encourage my       suit as would be consistent with the true delicacy of the female       character.""","""Really, Mr Collins,""",B-OTHER,Chapter 19,test
17,"""Really, Mr Collins,""","""you puzzle me       exceedingly. If what I have hitherto said can appear to you in the form of       encouragement, I know not how to express my refusal in such a way as to       convince you of its being one.""",B-OTHER,Chapter 19,test
18,"""you puzzle me       exceedingly. If what I have hitherto said can appear to you in the form of       encouragement, I know not how to express my refusal in such a way as to       convince you of its being one.""","""You must give me leave to flatter myself, my dear cousin, that your       refusal of my addresses is merely words of course. My reasons for       believing it are briefly these: It does not appear to me that my hand is       unworthy of your acceptance, or that the establishment I can offer would be       any other than highly desirable. My situation in life, my connections with       the family of de Bourgh, and my relationship to your own, are       circumsances highly in my favour; and you should take it into further       consideration, that in spite of your manifold attractions, it is by no       means certain that another offer of marriage may ever be made you. Your       portion is unhappily so small that it will in all likelihood undo the       effects of your loveliness and amiable qualifications. As I must therefore       conclude that you are not serious in your rejection of me, I shall choose       to attribute it to your wish of increasing my love by suspense, according       to the usual practice of elegant females.""",I-OTHER,Chapter 19,test
19,"""You must give me leave to flatter myself, my dear cousin, that your       refusal of my addresses is merely words of course. My reasons for       believing it are briefly these: It does not appear to me that my hand is       unworthy of your acceptance, or that the establishment I can offer would be       any other than highly desirable. My situation in life, my connections with       the family of de Bourgh, and my relationship to your own, are       circumsances highly in my favour; and you should take it into further       consideration, that in spite of your manifold attractions, it is by no       means certain that another offer of marriage may ever be made you. Your       portion is unhappily so small that it will in all likelihood undo the       effects of your loveliness and amiable qualifications. As I must therefore       conclude that you are not serious in your rejection of me, I shall choose       to attribute it to your wish of increasing my love by suspense, according       to the usual practice of elegant females.""","""I do assure you, sir, that I have no pretensions whatever to that kind of       elegance which consists in tormenting a respectable man. I would rather be       paid the compliment of being believed sincere. I thank you again and again       for the honour you have done me in your proposals, but to accept them is       absolutely impossible. My feelings in every respect forbid it. Can I speak       plainer? Do not consider me now as an elegant female, intending to plague       you, but as a rational creature, speaking the truth from her heart.""",B-OTHER,Chapter 19,test
20,"""You are uniformly charming!""","""and I am persuaded that when sanctioned by the express authority of both       your excellent parents, my proposals will not fail of being acceptable.""",B-START,Chapter 19,test
21,"""But, depend upon it, Mr Collins,""","""that Lizzy shall be       brought to reason. I will speak to her about it directly. She is a very       headstrong, foolish girl, and does not know her own interest but I will make       her know it.""",B-START,Chapter 20,test
22,"""that Lizzy shall be       brought to reason. I will speak to her about it directly. She is a very       headstrong, foolish girl, and does not know her own interest but I will make       her know it.""","""Pardon me for interrupting you, madam,""",I-START,Chapter 20,test
23,"""Pardon me for interrupting you, madam,""","""but if she is       really headstrong and foolish, I know not whether she would altogether be       a very desirable wife to a man in my situation, who naturally looks for       happiness in the marriage state. If therefore she actually persists in       rejecting my suit, perhaps it were better not to force her into accepting       me, because if liable to such defects of temper, she could not contribute       much to my felicity.""",B-OTHER,Chapter 20,test
24,"""but if she is       really headstrong and foolish, I know not whether she would altogether be       a very desirable wife to a man in my situation, who naturally looks for       happiness in the marriage state. If therefore she actually persists in       rejecting my suit, perhaps it were better not to force her into accepting       me, because if liable to such defects of temper, she could not contribute       much to my felicity.""","""Sir, you quite misunderstand me,""",I-OTHER,Chapter 20,test
25,"""Sir, you quite misunderstand me,""","""Lizzy is       only headstrong in such matters as these. In everything else she is as       good-natured a girl as ever lived. I will go directly to Mr Bennet, and       we shall very soon settle it with her, I am sure.""",B-OTHER,Chapter 20,test
26,"""Oh! Mr Bennet, you are       wanted immediately; we are all in an uproar. You must come and make Lizzy       marry Mr Collins, for she vows she will not have him, and if you do not       make haste he will change his mind and not have her.""","""I have not the pleasure of understanding you,""",B-START,Chapter 20,test
27,"""I have not the pleasure of understanding you,""","""Of what are you talking?""",B-OTHER,Chapter 20,test
28,"""Of what are you talking?""","""And what am I to do on the occasion? It seemsan hopeless business.""",I-OTHER,Chapter 20,test
29,"""And what am I to do on the occasion? It seemsan hopeless business.""","""Speak to Lizzy about it yourself. Tell her that you insist upon her       marrying him.""",B-OTHER,Chapter 20,test
30,"""Speak to Lizzy about it yourself. Tell her that you insist upon her       marrying him.""","""Let her be called down. She shall hear my opinion.""",B-OTHER,Chapter 20,test
31,"""Come here, child,""","""I have sent for you       on an affair of importance. I understand that Mr Collins has made you an       offer of marriage. Is it true?""",B-START,Chapter 20,test
32,"""I have sent for you       on an affair of importance. I understand that Mr Collins has made you an       offer of marriage. Is it true?""","""Very well—and       this offer of marriage you have refused?""",I-START,Chapter 20,test
33,"""Very well—and       this offer of marriage you have refused?""","""I have, sir.""",B-OTHER,Chapter 20,test
34,"""I have, sir.""","""Very well. We now come to the point. Your mother insists upon your       accepting it. Is it not so, Mrs Bennet?""",B-OTHER,Chapter 20,test
35,"""Very well. We now come to the point. Your mother insists upon your       accepting it. Is it not so, Mrs Bennet?""","""Yes, or I will never see her again.""",B-OTHER,Chapter 20,test
36,"""An unhappy alternative is before you, Elizabeth. From this day you must       be a stranger to one of your parents. Your mother will never see you again       if you do not marry Mr Collins, and I will never see you again if       you do.""","""What do you mean, Mr Bennet, in talking this way? You promised me to insist       upon her marrying him.""",B-START,Chapter 20,test
37,"""What do you mean, Mr Bennet, in talking this way? You promised me to insist       upon her marrying him.""","""My dear,""",B-OTHER,Chapter 20,test
38,"""My dear,""","""I have two small favours to request.       First, that you will allow me the free use of my understanding on the       present occasion; and secondly, of my room. I shall be glad to have the       library to myself as soon as may be.""",B-OTHER,Chapter 20,test
39,"""I am glad you are come, for there is such fun       here! What do you think has happened this morning? Mr Collins has made an       offer to Lizzy, and she will not have him.""","""Pray do, my dear MissLucas,""",B-START,Chapter 20,test
40,"""Pray do, my dear MissLucas,""","""for nobody       is on my side, nobody takes part with me. I am cruelly used, nobody feels       for my poor nerves.""",B-OTHER,Chapter 20,test
41,"""Aye, there she comes,""","""looking as unconcerned as       may be, and caring no more for us than if we were at York, provided she       can have her own way. But I tell you, MissLizzy—if you take it into       your head to go on refusing every offer of marriage in this way, you will       never get a husband at all—and I am sure I do not know who is to       maintain you when your father is dead. I shall not be able to keep you—and       so I warn you. I have done with you from this very day. I told you in the       library, you know, that I should never speak to you again, and you will       find me as good as my word. I have no pleasure in talking to undutiful       children. Not that I have much pleasure, indeed, in talking to anybody.       People who suffer as I do from nervous complaints can have no great       inclination for talking. Nobody can tell what I suffer! But it is always       so. Those who do not complain are never pitied.""",B-START,Chapter 20,test
42,"""looking as unconcerned as       may be, and caring no more for us than if we were at York, provided she       can have her own way. But I tell you, MissLizzy—if you take it into       your head to go on refusing every offer of marriage in this way, you will       never get a husband at all—and I am sure I do not know who is to       maintain you when your father is dead. I shall not be able to keep you—and       so I warn you. I have done with you from this very day. I told you in the       library, you know, that I should never speak to you again, and you will       find me as good as my word. I have no pleasure in talking to undutiful       children. Not that I have much pleasure, indeed, in talking to anybody.       People who suffer as I do from nervous complaints can have no great       inclination for talking. Nobody can tell what I suffer! But it is always       so. Those who do not complain are never pitied.""","""Now, I do insist upon it, that you, all of you, hold your tongues,       and let me and Mr Collins have a little conversation together.""",I-START,Chapter 20,test
43,"""Oh! Mr Collins!""","""My dear madam,""",B-START,Chapter 20,test
44,"""My dear madam,""","""let us be for ever silent on this point. Far       be it from me,""",B-OTHER,Chapter 20,test
45,"""let us be for ever silent on this point. Far       be it from me,""","""to resent the behaviour of your daughter. Resignation to       inevitable evils is the duty of us all; the peculiar duty of a young man       who has been so fortunate as I have been in early preferment; and I trust       I am resigned. Perhaps not the less so from feeling a doubt of my positive       happiness had my fair cousin honoured me with her hand; for I have often       observed that resignation is never so perfect as when the blessing denied       begins to lose somewhat of its value in our estimation. You will not, I       hope, consider me as showing any disrespect to your family, my dear madam,       by thus withdrawing my pretensions to your daughter's favour, without       having paid yourself and Mr Bennet the compliment of requesting you to       interpose your authority in my behalf. My conduct may, I fear, be       objectionable in having accepted my dismisson from your daughter's lips       instead of your own. But we are all liable to error. I have certainly       meant well through the whole affair. My object has been to secure an       amiable companion for myself, with due consideration for the advantage of       all your family, and if my manner has been at all reprehensible, I       here beg leave to apologise.""",I-OTHER,Chapter 20,test
46,"""I found,""","""as the time drew near that I had better not meet Mr       Darcy; that to be in the same room, the same party with him for so many       hours together, might be more than I could bear, and that scenes might       arise unpleasant to more than myself.""",B-START,Chapter 21,test
47,"""I do not pretend to regret anything I shall       leave in Hertfordshire, except your society, my dearest friend; but we       will hope, at some future period, to enjoy many returns of that delightful       intercourse we have known, and in the meanwhile may lessen the pain of       separation by a very frequent and most unreserved correspondence. I depend       on you for that.""","""It is unlucky,""",B-START,Chapter 21,test
48,"""It is unlucky,""","""that you should not be       able to see your friends before they leave the country. But may we not       hope that the period of future happiness to which MissBingley looks       forward may arrive earlier than she is aware, and that the delightful       intercourse you have known as friends will be renewed with yet greater       satisfaction as sisters? Mr Bingley will not be detained in London by       them.""",B-OTHER,Chapter 21,test
49,"""that you should not be       able to see your friends before they leave the country. But may we not       hope that the period of future happiness to which MissBingley looks       forward may arrive earlier than she is aware, and that the delightful       intercourse you have known as friends will be renewed with yet greater       satisfaction as sisters? Mr Bingley will not be detained in London by       them.""","""Caroline decidedly says that none of the party will return into       Hertfordshire this winter. I will read it to you:""",I-START,Chapter 21,test
50,"""Caroline decidedly says that none of the party will return into       Hertfordshire this winter. I will read it to you:""","""When my brother left us yesterday, he imagined that the business which       took him to London might be concluded in three or four days; but as we are       certain it cannot be so, and at the same time convinced that when Charles       gets to town he will be in no hurry to leave it again, we have determined       on following him thither, that he may not be obliged to spend his vacant       hours in a comfortless hotel. Many of my acquaintances are already there       for the winter; I wish that I could hear that you, my dearest friend, had       any intention of making one of the crowd—but of that I despair. I       sincerely hope your Christmas in Hertfordshire may abound in the gaieties       which that season generally brings, and that your beaux will be so       numerous as to prevent your feeling the loss of the three of whom we shall       deprive you.""",B-OTHER,Chapter 21,test
51,"""When my brother left us yesterday, he imagined that the business which       took him to London might be concluded in three or four days; but as we are       certain it cannot be so, and at the same time convinced that when Charles       gets to town he will be in no hurry to leave it again, we have determined       on following him thither, that he may not be obliged to spend his vacant       hours in a comfortless hotel. Many of my acquaintances are already there       for the winter; I wish that I could hear that you, my dearest friend, had       any intention of making one of the crowd—but of that I despair. I       sincerely hope your Christmas in Hertfordshire may abound in the gaieties       which that season generally brings, and that your beaux will be so       numerous as to prevent your feeling the loss of the three of whom we shall       deprive you.""","""It is evident by this,""",B-OTHER,Chapter 21,test
52,"""It is evident by this,""","""that he comes back no more this       winter.""",B-OTHER,Chapter 21,test
53,"""that he comes back no more this       winter.""","""It is only evident that MissBingley does not mean that he should.""",I-OTHER,Chapter 21,test
54,"""It is only evident that MissBingley does not mean that he should.""","""Why will you think so? It must be his own doing. He is his own master.       But you do not know all. I will read you the passage which       particularly hurts me. I will have no reserves from you.""",B-OTHER,Chapter 21,test
55,"""Why will you think so? It must be his own doing. He is his own master.       But you do not know all. I will read you the passage which       particularly hurts me. I will have no reserves from you.""","""Mr Darcy is impatient to see his sister; and, to confess the truth, we       are scarcely less eager to meet her again. I really do not think Georgiana       Darcy has her equal for beauty, elegance, and accomplishments; and the       affection she inspires in Louisa and myself is heightened into something       still more interesting, from the hope we dare entertain of her being       hereafter our sister. I do not know whether I ever before mentioned to you       my feelings on this subject; but I will not leave the country without       confiding them, and I trust you will not esteem them unreasonable. My       brother admires her greatly already; he will have frequent opportunity now       of seeing her on the most intimate footing; her relations all wish the       connection as much as his own; and a sister's partiality is not misleading       me, I think, when I call Charles most capable of engaging any woman's       heart. With all these circumsances to favour an attachment, and nothing       to prevent it, am I wrong, my dearest Jane, in indulging the hope of an       event which will secure the happiness of so many?""",B-OTHER,Chapter 21,test
56,"""Mr Darcy is impatient to see his sister; and, to confess the truth, we       are scarcely less eager to meet her again. I really do not think Georgiana       Darcy has her equal for beauty, elegance, and accomplishments; and the       affection she inspires in Louisa and myself is heightened into something       still more interesting, from the hope we dare entertain of her being       hereafter our sister. I do not know whether I ever before mentioned to you       my feelings on this subject; but I will not leave the country without       confiding them, and I trust you will not esteem them unreasonable. My       brother admires her greatly already; he will have frequent opportunity now       of seeing her on the most intimate footing; her relations all wish the       connection as much as his own; and a sister's partiality is not misleading       me, I think, when I call Charles most capable of engaging any woman's       heart. With all these circumsances to favour an attachment, and nothing       to prevent it, am I wrong, my dearest Jane, in indulging the hope of an       event which will secure the happiness of so many?""","""What do you think of this sentence, my dear Lizzy?""",B-OTHER,Chapter 21,test
57,"""What do you think of this sentence, my dear Lizzy?""","""Is it not clear enough? Does it not expressly declare       that Caroline neither expects nor wishes me to be her sister; that she is       perfectly convinced of her brother's indifference; and that if she       suspects the nature of my feelings for him, she means (most kindly!) to       put me on my guard? Can there be any other opinion on the subject?""",B-OTHER,Chapter 21,test
58,"""Is it not clear enough? Does it not expressly declare       that Caroline neither expects nor wishes me to be her sister; that she is       perfectly convinced of her brother's indifference; and that if she       suspects the nature of my feelings for him, she means (most kindly!) to       put me on my guard? Can there be any other opinion on the subject?""","""Yes, there can; for mine is totally different. Will you hear it?""",B-OTHER,Chapter 21,test
59,"""Yes, there can; for mine is totally different. Will you hear it?""","""Most willingly.""",B-OTHER,Chapter 21,test
60,"""Most willingly.""","""You shall have it in a few words. MissBingley sees that her brother is       in love with you, and wants him to marry MissDarcy. She follows him to       town in hope of keeping him there, and tries to persuade you that he does       not care about you.""",B-OTHER,Chapter 21,test
61,"""You shall have it in a few words. MissBingley sees that her brother is       in love with you, and wants him to marry MissDarcy. She follows him to       town in hope of keeping him there, and tries to persuade you that he does       not care about you.""","""Indeed, Jane, you ought to believe me. No one who has ever seen you       together can doubt his affection. MissBingley, I am sure, cannot. She is       not such a simpleton. Could she have seen half as much love in Mr Darcy       for herself, she would have ordered her wedding clothes. But the case is       this: We are not rich enough or grand enough for them; and she is the more       anxious to get MissDarcy for her brother, from the notion that when there       has been one intermarriage, she may have less trouble in achieving       a second; in which there is certainly some ingenuity, and I dare say it       would succeed, if Missde Bourgh were out of the way. But, my dearest       Jane, you cannot seriously imagine that because MissBingley tells you her       brother greatly admires MissDarcy, he is in the smallest degree less       sensible of your merit than when he took leave of you on Tuesday,       or that it will be in her power to persuade him that, instead of being in       love with you, he is very much in love with her friend.""",B-OTHER,Chapter 21,test
62,"""Indeed, Jane, you ought to believe me. No one who has ever seen you       together can doubt his affection. MissBingley, I am sure, cannot. She is       not such a simpleton. Could she have seen half as much love in Mr Darcy       for herself, she would have ordered her wedding clothes. But the case is       this: We are not rich enough or grand enough for them; and she is the more       anxious to get MissDarcy for her brother, from the notion that when there       has been one intermarriage, she may have less trouble in achieving       a second; in which there is certainly some ingenuity, and I dare say it       would succeed, if Missde Bourgh were out of the way. But, my dearest       Jane, you cannot seriously imagine that because MissBingley tells you her       brother greatly admires MissDarcy, he is in the smallest degree less       sensible of your merit than when he took leave of you on Tuesday,       or that it will be in her power to persuade him that, instead of being in       love with you, he is very much in love with her friend.""","""If we thought alike of MissBingley,""",B-OTHER,Chapter 21,test
63,"""If we thought alike of MissBingley,""","""your representation       of all this might make me quite easy. But I know the foundation is unjust.       Caroline is incapable of wilfully deceiving anyone; and all that I can       hope in this case is that she is deceiving herself.""",B-OTHER,Chapter 21,test
64,"""your representation       of all this might make me quite easy. But I know the foundation is unjust.       Caroline is incapable of wilfully deceiving anyone; and all that I can       hope in this case is that she is deceiving herself.""","""That is right. You could not have started a more happy idea, since you       will not take comfort in mine. Believe her to be deceived, by all means.       You have now done your duty by her, and must fret no longer.""",I-OTHER,Chapter 21,test
65,"""That is right. You could not have started a more happy idea, since you       will not take comfort in mine. Believe her to be deceived, by all means.       You have now done your duty by her, and must fret no longer.""","""But, my dear sister, can I be happy, even supposing the best, in       accepting a man whose sisters and friends are all wishing him to marry       elsewhere?""",B-OTHER,Chapter 21,test
66,"""But, my dear sister, can I be happy, even supposing the best, in       accepting a man whose sisters and friends are all wishing him to marry       elsewhere?""","""You must decide for yourself,""",B-OTHER,Chapter 21,test
67,"""You must decide for yourself,""","""and if, upon mature       deliberation, you find that the misery of disobliging his two sisters is       more than equivalent to the happiness of being his wife, I advise you by       all means to refuse him.""",B-OTHER,Chapter 21,test
68,"""and if, upon mature       deliberation, you find that the misery of disobliging his two sisters is       more than equivalent to the happiness of being his wife, I advise you by       all means to refuse him.""","""How can you talk so?""",I-OTHER,Chapter 21,test
69,"""How can you talk so?""","""You must know that       though I should be exceedingly grieved at their disapprobation, I could       not hesitate.""",B-OTHER,Chapter 21,test
70,"""You must know that       though I should be exceedingly grieved at their disapprobation, I could       not hesitate.""","""I did not think you would; and that being the case, I cannot consider       your situation with much compassion.""",I-OTHER,Chapter 21,test
71,"""I did not think you would; and that being the case, I cannot consider       your situation with much compassion.""","""But if he returns no more this winter, my choice will never be required.       A thousand things may arise in six months!""",B-OTHER,Chapter 21,test
72,"""It keeps him in good       humour,""","""and I am more obliged to you than I can express.""",B-START,Chapter 22,test
73,"""My dear madam,""","""this invitation is particularly gratifying,       because it is what I have been hoping to receive; and you may be very       certain that I shall avail myself of it as soon as possible.""",B-START,Chapter 22,test
74,"""this invitation is particularly gratifying,       because it is what I have been hoping to receive; and you may be very       certain that I shall avail myself of it as soon as possible.""","""But is there not danger of Lady Catherine's disapprobation here, my good       sir? You had better neglect your relations than run the risk of offending       your patroness.""",I-START,Chapter 22,test
75,"""But is there not danger of Lady Catherine's disapprobation here, my good       sir? You had better neglect your relations than run the risk of offending       your patroness.""","""My dear sir,""",B-OTHER,Chapter 22,test
76,"""My dear sir,""","""I am particularly obliged to you for       this friendly caution, and you may depend upon my not taking so material a       step without her ladyship's concurrence.""",B-OTHER,Chapter 22,test
77,"""I am particularly obliged to you for       this friendly caution, and you may depend upon my not taking so material a       step without her ladyship's concurrence.""","""You cannot be too much upon your guard. Risk anything rather than her       displeasure; and if you find it likely to be raised by your coming to us       again, which I should think exceedingly probable, stay quietly at home,       and be satisfied that we shall take no offence.""",I-OTHER,Chapter 22,test
78,"""You cannot be too much upon your guard. Risk anything rather than her       displeasure; and if you find it likely to be raised by your coming to us       again, which I should think exceedingly probable, stay quietly at home,       and be satisfied that we shall take no offence.""","""Believe me, my dear sir, my gratitude is warmly excited by such       affectionate attention; and depend upon it, you will speedily receive from       me a letter of thanks for this, and for every other mark of your regard       during my stay in Hertfordshire. As for my fair cousins, though my absence       may not be long enough to render it necessary, I shall now take the       liberty of wishing them health and happiness, not excepting my cousin       Elizabeth.""",B-OTHER,Chapter 22,test
79,"""Why should you be surprised, my dear Eliza? Do you think it incredible       that Mr Collins should be able to procure any woman's good opinion,       because he was not so happy as to succeed with you?""","""I see what you are feeling,""",B-START,Chapter 22,test
80,"""I see what you are feeling,""","""You must be surprised,       very much surprised—so lately as Mr Collins was wishing to marry       you. But when you have had time to think it over, I hope you will be       satisfied with what I have done. I am not romantic, you know; I never was.       I ask only a comfortable home; and considering Mr Collins's character,       connection, and situation in life, I am convinced that my chance of       happiness with him is as fair as most people can boast on entering the       marriage state.""",B-OTHER,Chapter 22,test
81,"""You must be surprised,       very much surprised—so lately as Mr Collins was wishing to marry       you. But when you have had time to think it over, I hope you will be       satisfied with what I have done. I am not romantic, you know; I never was.       I ask only a comfortable home; and considering Mr Collins's character,       connection, and situation in life, I am convinced that my chance of       happiness with him is as fair as most people can boast on entering the       marriage state.""","""Undoubtedly;""",I-OTHER,Chapter 22,test
82,"""Indeed, Mr Bennet,""","""it is very hard to think that Charlotte       Lucas should ever be mistress of this house, that I should be forced to       make way for her, and live to see her take her place in it!""",B-START,Chapter 23,test
83,"""it is very hard to think that Charlotte       Lucas should ever be mistress of this house, that I should be forced to       make way for her, and live to see her take her place in it!""","""My dear, do not give way to such gloomy thoughts. Let us hope for better       things. Let us flatter ourselves that I may be the survivor.""",I-START,Chapter 23,test
84,"""My dear, do not give way to such gloomy thoughts. Let us hope for better       things. Let us flatter ourselves that I may be the survivor.""","""I cannot bear to think that they should have all this estate. If it was       not for the entail, I should not mind it.""",B-OTHER,Chapter 23,test
85,"""I cannot bear to think that they should have all this estate. If it was       not for the entail, I should not mind it.""","""What should not you mind?""",B-OTHER,Chapter 23,test
86,"""What should not you mind?""","""I should not mind anything at all.""",B-OTHER,Chapter 23,test
87,"""I should not mind anything at all.""","""Let us be thankful that you are preserved from a state of such       insensibility.""",I-OTHER,Chapter 23,test
88,"""Let us be thankful that you are preserved from a state of such       insensibility.""","""I never can be thankful, Mr Bennet, for anything about the entail. How       anyone could have the conscience to entail away an estate from one's own       daughters, I cannot understand; and all for the sake of Mr Collins too!       Why should he have it more than anybody else?""",B-OTHER,Chapter 23,test
89,"""I never can be thankful, Mr Bennet, for anything about the entail. How       anyone could have the conscience to entail away an estate from one's own       daughters, I cannot understand; and all for the sake of Mr Collins too!       Why should he have it more than anybody else?""","""I leave it to yourself to determine,""",B-OTHER,Chapter 23,test
90,"""Oh, that my dear mother had more command over herself! She can have no       idea of the pain she gives me by her continual reflections on him. But I       will not repine. It cannot last long. He will be forgot, and we shall all       be as we were before.""","""You doubt me,""",B-START,Chapter 24,test
91,"""You doubt me,""","""indeed, you have no       reason. He may live in my memory as the most amiable man of my       acquaintance, but that is all. I have nothing either to hope or fear, and       nothing to reproach him with. Thank God! I have not that pain. A       little time, therefore—I shall certainly try to get the better.""",B-OTHER,Chapter 24,test
92,"""indeed, you have no       reason. He may live in my memory as the most amiable man of my       acquaintance, but that is all. I have nothing either to hope or fear, and       nothing to reproach him with. Thank God! I have not that pain. A       little time, therefore—I shall certainly try to get the better.""","""I have this comfort immediately,       that it has not been more than an error of fancy on my side, and that it       has done no harm to anyone but myself.""",I-OTHER,Chapter 24,test
93,"""I have this comfort immediately,       that it has not been more than an error of fancy on my side, and that it       has done no harm to anyone but myself.""","""My dear Jane!""",B-OTHER,Chapter 24,test
94,"""My dear Jane!""","""you are too good. Your sweetness and       disinterestedness are really angelic; I do not know what to say to you. I       feel as if I had never done you justice, or loved you as you deserve.""",B-OTHER,Chapter 24,test
95,"""Nay,""","""this is not fair. You wish to think all the       world respectable, and are hurt if I speak ill of anybody. I only want to       think you perfect, and you set yourself against it. Do not be       afraid of my running into any excess, of my encroaching on your privilege       of universal good-will. You need not. There are few people whom I really       love, and still fewer of whom I think well. The more I see of the world,       the more am I dissatisfied with it; and every day confirmsmy belief of       the inconsistency of all human characters, and of the little dependence       that can be placed on the appearance of merit or sense. I have met with       two instances lately, one I will not mention; the other is Charlotte's       marriage. It is unaccountable! In every view it is unaccountable!""",B-START,Chapter 24,test
96,"""this is not fair. You wish to think all the       world respectable, and are hurt if I speak ill of anybody. I only want to       think you perfect, and you set yourself against it. Do not be       afraid of my running into any excess, of my encroaching on your privilege       of universal good-will. You need not. There are few people whom I really       love, and still fewer of whom I think well. The more I see of the world,       the more am I dissatisfied with it; and every day confirmsmy belief of       the inconsistency of all human characters, and of the little dependence       that can be placed on the appearance of merit or sense. I have met with       two instances lately, one I will not mention; the other is Charlotte's       marriage. It is unaccountable! In every view it is unaccountable!""","""My dear Lizzy, do not give way to such feelings as these. They will ruin       your happiness. You do not make allowance enough for difference of       situation and temper. Consider Mr Collins's respectability, and       Charlotte's steady, prudent character. Remember that she is one of a large       family; that as to fortune, it is a most eligible match; and be ready to       believe, for everybody's sake, that she may feel something like regard and       esteem for our cousin.""",I-START,Chapter 24,test
97,"""My dear Lizzy, do not give way to such feelings as these. They will ruin       your happiness. You do not make allowance enough for difference of       situation and temper. Consider Mr Collins's respectability, and       Charlotte's steady, prudent character. Remember that she is one of a large       family; that as to fortune, it is a most eligible match; and be ready to       believe, for everybody's sake, that she may feel something like regard and       esteem for our cousin.""","""To oblige you, I would try to believe almost anything, but no one else       could be benefited by such a belief as this; for were I persuaded that       Charlotte had any regard for him, I should only think worse of her       understanding than I now do of her heart. My dear Jane, Mr Collins is a       conceited, pompous, narrow-minded, silly man; you know he is, as well as I       do; and you must feel, as well as I do, that the woman who married him       cannot have a proper way of thinking. You shall not defend her, though it       is Charlotte Lucas. You shall not, for the sake of one individual, change       the meaning of principle and integrity, nor endeavour to persuade yourself       or me, that selfishness is prudence, and insensibility of danger security       for happiness.""",B-OTHER,Chapter 24,test
98,"""To oblige you, I would try to believe almost anything, but no one else       could be benefited by such a belief as this; for were I persuaded that       Charlotte had any regard for him, I should only think worse of her       understanding than I now do of her heart. My dear Jane, Mr Collins is a       conceited, pompous, narrow-minded, silly man; you know he is, as well as I       do; and you must feel, as well as I do, that the woman who married him       cannot have a proper way of thinking. You shall not defend her, though it       is Charlotte Lucas. You shall not, for the sake of one individual, change       the meaning of principle and integrity, nor endeavour to persuade yourself       or me, that selfishness is prudence, and insensibility of danger security       for happiness.""","""I must think your language too strong in speaking of both,""",B-OTHER,Chapter 24,test
99,"""I must think your language too strong in speaking of both,""","""and I hope you will be convinced of it by seeing them happy together. But       enough of this. You alluded to something else. You mentioned two       instances. I cannot misunderstand you, but I entreat you, dear Lizzy, not       to pain me by thinking that person to blame, and saying your       opinion of him is sunk. We must not be so ready to fancy ourselves       intentionally injured. We must not expect a lively young man to be always       so guarded and circumsect. It is very often nothing but our own vanity       that deceives us. Women fancy admiration means more than it does.""",B-OTHER,Chapter 24,test
100,"""and I hope you will be convinced of it by seeing them happy together. But       enough of this. You alluded to something else. You mentioned two       instances. I cannot misunderstand you, but I entreat you, dear Lizzy, not       to pain me by thinking that person to blame, and saying your       opinion of him is sunk. We must not be so ready to fancy ourselves       intentionally injured. We must not expect a lively young man to be always       so guarded and circumsect. It is very often nothing but our own vanity       that deceives us. Women fancy admiration means more than it does.""","""And men take care that they should.""",I-OTHER,Chapter 24,test
101,"""And men take care that they should.""","""If it is designedly done, they cannot be justified; but I have no idea of       there being so much design in the world as some persons imagine.""",B-OTHER,Chapter 24,test
102,"""If it is designedly done, they cannot be justified; but I have no idea of       there being so much design in the world as some persons imagine.""","""I am far from attributing any part of Mr Bingley's conduct to design,""",B-OTHER,Chapter 24,test
103,"""I am far from attributing any part of Mr Bingley's conduct to design,""","""but without scheming to do wrong, or to make others       unhappy, there may be error, and there may be misery. Thoughtlessness,       want of attention to other people's feelings, and want of resolution, will       do the business.""",B-OTHER,Chapter 24,test
104,"""but without scheming to do wrong, or to make others       unhappy, there may be error, and there may be misery. Thoughtlessness,       want of attention to other people's feelings, and want of resolution, will       do the business.""","""And do you impute it to either of those?""",I-OTHER,Chapter 24,test
105,"""And do you impute it to either of those?""","""Yes; to the last. But if I go on, I shall displease you by saying what I       think of persons you esteem. Stop me whilst you can.""",B-OTHER,Chapter 24,test
106,"""Yes; to the last. But if I go on, I shall displease you by saying what I       think of persons you esteem. Stop me whilst you can.""","""You persist, then, in supposing his sisters influence him?""",B-OTHER,Chapter 24,test
107,"""You persist, then, in supposing his sisters influence him?""","""Yes, in conjunction with his friend.""",B-OTHER,Chapter 24,test
108,"""Yes, in conjunction with his friend.""","""I cannot believe it. Why should they try to influence him? They can only       wish his happiness; and if he is attached to me, no other woman can secure       it.""",B-OTHER,Chapter 24,test
109,"""I cannot believe it. Why should they try to influence him? They can only       wish his happiness; and if he is attached to me, no other woman can secure       it.""","""Your first position is false. They may wish many things besides his       happiness; they may wish his increase of wealth and consequence; they may       wish him to marry a girl who has all the importance of money, great       connections, and pride.""",B-OTHER,Chapter 24,test
110,"""Your first position is false. They may wish many things besides his       happiness; they may wish his increase of wealth and consequence; they may       wish him to marry a girl who has all the importance of money, great       connections, and pride.""","""Beyond a doubt, they do wish him to choose MissDarcy,""",B-OTHER,Chapter 24,test
111,"""Beyond a doubt, they do wish him to choose MissDarcy,""","""but this may be from better feelings than you are supposing. They       have known her much longer than they have known me; no wonder if they love       her better. But, whatever may be their own wishes, it is very unlikely       they should have opposed their brother's. What sister would think herself       at liberty to do it, unless there were something very objectionable? If       they believed him attached to me, they would not try to part us; if he       were so, they could not succeed. By supposing such an affection, you make       everybody acting unnaturally and wrong, and me most unhappy. Do not       distress me by the idea. I am not ashamed of having been mistaken—or,       at least, it is light, it is nothing in comparison of what I should feel       in thinking ill of him or his sisters. Let me take it in the best light,       in the light in which it may be understood.""",B-OTHER,Chapter 24,test
112,"""So, Lizzy,""","""your sister is crossed in love, I find. I congratulate her. Next to being       married, a girl likes to be crossed a little in love now and then. It is       something to think of, and it gives her a sort of distinction among her       companions. When is your turn to come? You will hardly bear to be long       outdone by Jane. Now is your time. Here are officers enough in Meryton to       disappoint all the young ladies in the country. Let Wickham be your       man. He is a pleasant fellow, and would jilt you creditably.""",B-START,Chapter 24,test
113,"""your sister is crossed in love, I find. I congratulate her. Next to being       married, a girl likes to be crossed a little in love now and then. It is       something to think of, and it gives her a sort of distinction among her       companions. When is your turn to come? You will hardly bear to be long       outdone by Jane. Now is your time. Here are officers enough in Meryton to       disappoint all the young ladies in the country. Let Wickham be your       man. He is a pleasant fellow, and would jilt you creditably.""","""Thank you, sir, but a less agreeable man would satisfy me. We must not       all expect Jane's good fortune.""",I-START,Chapter 24,test
114,"""Thank you, sir, but a less agreeable man would satisfy me. We must not       all expect Jane's good fortune.""","""True,""",B-OTHER,Chapter 24,test
115,"""True,""","""but it is a comfort to think that whatever of       that kind may befall you, you have an affectionate mother who will make       the most of it.""",B-OTHER,Chapter 24,test
116,"""I do not blame Jane,""","""for Jane would have got Mr Bingley       if she could. But Lizzy! Oh, sister! It is very hard to think that she       might have been Mr Collins's wife by this time, had it not been for her       own perverseness. He made her an offer in this very room, and she refused       him. The consequence of it is, that Lady Lucas will have a daughter       married before I have, and that the Longbourn estate is just as much       entailed as ever. The Lucases are very artful people indeed, sister. They       are all for what they can get. I am sorry to say it of them, but so it is.       It makes me very nervous and poorly, to be thwarted so in my own family,       and to have neighbours who think of themslves before anybody else.       However, your coming just at this time is the greatest of comforts, and I       am very glad to hear what you tell us, of long sleeves.""",B-START,Chapter 25,test
117,"""It       seemslikely to have been a desirable match for Jane,""","""I am       sorry it went off. But these things happen so often! A young man, such as       you describe Mr Bingley, so easily falls in love with a pretty girl for a       few weeks, and when accident separates them, so easily forgets her, that       these sort of inconsistencies are very frequent.""",B-START,Chapter 25,test
118,"""I am       sorry it went off. But these things happen so often! A young man, such as       you describe Mr Bingley, so easily falls in love with a pretty girl for a       few weeks, and when accident separates them, so easily forgets her, that       these sort of inconsistencies are very frequent.""","""An excellent consolation in its way,""",I-START,Chapter 25,test
119,"""An excellent consolation in its way,""","""but it will not do       for us. We do not suffer by accident. It does not often       happen that the interference of friends will persuade a young man of       independent fortune to think no more of a girl whom he was violently in       love with only a few days before.""",B-OTHER,Chapter 25,test
120,"""but it will not do       for us. We do not suffer by accident. It does not often       happen that the interference of friends will persuade a young man of       independent fortune to think no more of a girl whom he was violently in       love with only a few days before.""","""But that expression of 'violently in love' is so hackneyed, so doubtful,       so indefinite, that it gives me very little idea. It is as often applied       to feelings which arise from a half-hour's acquaintance, as to a real,       strong attachment. Pray, how violent was Mr Bingley's love?""",I-OTHER,Chapter 25,test
121,"""But that expression of 'violently in love' is so hackneyed, so doubtful,       so indefinite, that it gives me very little idea. It is as often applied       to feelings which arise from a half-hour's acquaintance, as to a real,       strong attachment. Pray, how violent was Mr Bingley's love?""","""I never saw a more promising inclination; he was growing quite       inattentive to other people, and wholly engrossed by her. Every time they       met, it was more decided and remarkable. At his own ball he offended two       or three young ladies, by not asking them to dance; and I spoke to him       twice myself, without receiving an answer. Could there be finer symptoms       Is not general incivility the very essence of love?""",B-OTHER,Chapter 25,test
122,"""I never saw a more promising inclination; he was growing quite       inattentive to other people, and wholly engrossed by her. Every time they       met, it was more decided and remarkable. At his own ball he offended two       or three young ladies, by not asking them to dance; and I spoke to him       twice myself, without receiving an answer. Could there be finer symptoms       Is not general incivility the very essence of love?""","""Oh, yes!—of that kind of love which I suppose him to have felt.       Poor Jane! I am sorry for her, because, with her disposition, she may not       get over it immediately. It had better have happened to you, Lizzy;       you would have laughed yourself out of it sooner. But do you think she       would be prevailed upon to go back with us? Change of scene might be of       service—and perhaps a little relief from home may be as useful as       anything.""",B-OTHER,Chapter 25,test
123,"""Oh, yes!—of that kind of love which I suppose him to have felt.       Poor Jane! I am sorry for her, because, with her disposition, she may not       get over it immediately. It had better have happened to you, Lizzy;       you would have laughed yourself out of it sooner. But do you think she       would be prevailed upon to go back with us? Change of scene might be of       service—and perhaps a little relief from home may be as useful as       anything.""","""I hope,""",B-OTHER,Chapter 25,test
124,"""I hope,""","""that no consideration with regard to this       young man will influence her. We live in so different a part of town, all       our connections are so different, and, as you well know, we go out so       little, that it is very improbable that they should meet at all, unless he       really comes to see her.""",B-OTHER,Chapter 25,test
125,"""that no consideration with regard to this       young man will influence her. We live in so different a part of town, all       our connections are so different, and, as you well know, we go out so       little, that it is very improbable that they should meet at all, unless he       really comes to see her.""","""And that is quite impossible; for he is now in the custody of his       friend, and Mr Darcy would no more suffer him to call on Jane in such a       part of London! My dear aunt, how could you think of it? Mr Darcy may       perhaps have heard of such a place as Gracechurch Street, but he       would hardly think a month's ablution enough to cleanse him from its       impurities, were he once to enter it; and depend upon it, Mr Bingley       never stirs without him.""",I-OTHER,Chapter 25,test
126,"""So much the better. I hope they will not meet at all. But does not Jane       correspond with his sister? She will not be able to help calling.""","""She will drop the acquaintance entirely.""",B-START,Chapter 25,test
127,"""You are too sensible a girl, Lizzy, to fall in love merely because you       are warned against it; and, therefore, I am not afraid of speaking openly.       Seriously, I would have you be on your guard. Do not involve yourself or       endeavour to involve him in an affection which the want of fortune would       make so very imprudent. I have nothing to say against him; he is a       most interesting young man; and if he had the fortune he ought to have, I       should think you could not do better. But as it is, you must not let your       fancy run away with you. You have sense, and we all expect you to use it.       Your father would depend on your resolution and good conduct, I am       sure. You must not disappoint your father.""","""My dear aunt, this is being serious indeed.""",B-START,Chapter 26,test
128,"""My dear aunt, this is being serious indeed.""","""Yes, and I hope to engage you to be serious likewise.""",B-OTHER,Chapter 26,test
129,"""Yes, and I hope to engage you to be serious likewise.""","""Well, then, you need not be under any alarm. I will take care of myself,       and of Mr Wickham too. He shall not be in love with me, if I can prevent       it.""",B-OTHER,Chapter 26,test
130,"""Well, then, you need not be under any alarm. I will take care of myself,       and of Mr Wickham too. He shall not be in love with me, if I can prevent       it.""","""Elizabeth, you are not serious now.""",B-OTHER,Chapter 26,test
131,"""Elizabeth, you are not serious now.""","""I beg your pardon, I will try again. At present I am not in love with Mr       Wickham; no, I certainly am not. But he is, beyond all comparison, the       most agreeable man I ever saw—and if he becomes really attached to       me—I believe it will be better that he should not. I see the       imprudence of it. Oh! that abominable Mr Darcy! My father's       opinion of me does me the greatest honour, and I should be miserable to       forfeit it. My father, however, is partial to Mr Wickham. In short, my       dear aunt, I should be very sorry to be the means of making any of you       unhappy; but since we see every day that where there is affection, young       people are seldom withheld by immediate want of fortune from entering into       engagements with each other, how can I promise to be wiser than so many of       my fellow-creatures if I am tempted, or how am I even to know that it       would be wisdom to resist? All that I can promise you, therefore, is not       to be in a hurry. I will not be in a hurry to believe myself his first       object. When I am in company with him, I will not be wishing. In short, I       will do my best.""",B-OTHER,Chapter 26,test
132,"""I beg your pardon, I will try again. At present I am not in love with Mr       Wickham; no, I certainly am not. But he is, beyond all comparison, the       most agreeable man I ever saw—and if he becomes really attached to       me—I believe it will be better that he should not. I see the       imprudence of it. Oh! that abominable Mr Darcy! My father's       opinion of me does me the greatest honour, and I should be miserable to       forfeit it. My father, however, is partial to Mr Wickham. In short, my       dear aunt, I should be very sorry to be the means of making any of you       unhappy; but since we see every day that where there is affection, young       people are seldom withheld by immediate want of fortune from entering into       engagements with each other, how can I promise to be wiser than so many of       my fellow-creatures if I am tempted, or how am I even to know that it       would be wisdom to resist? All that I can promise you, therefore, is not       to be in a hurry. I will not be in a hurry to believe myself his first       object. When I am in company with him, I will not be wishing. In short, I       will do my best.""","""Perhaps it will be as well if you discourage his coming here so very       often. At least, you should not remind your mother of inviting       him.""",B-OTHER,Chapter 26,test
133,"""As I did the other day,""","""very       true, it will be wise in me to refrain from that. But do not       imagine that he is always here so often. It is on your account that he has       been so frequently invited this week. You know my mother's ideas as to the       necessity of constant company for her friends. But really, and upon my       honour, I will try to do what I think to be the wisest; and now I hope you       are satisfied.""",B-START,Chapter 26,test
134,"""I shall depend on hearing from you very often, Eliza.""","""That you certainly shall.""",B-START,Chapter 26,test
135,"""That you certainly shall.""","""And I have another favour to ask you. Will you come and see me?""",B-OTHER,Chapter 26,test
136,"""And I have another favour to ask you. Will you come and see me?""","""We shall often meet, I hope, in Hertfordshire.""",B-OTHER,Chapter 26,test
137,"""We shall often meet, I hope, in Hertfordshire.""","""I am not likely to leave Kent for some time. Promise me, therefore, to       come to Hunsford.""",B-OTHER,Chapter 26,test
138,"""My father and Maria are coming to me in March,""","""and I       hope you will consent to be of the party. Indeed, Eliza, you will be as       welcome as either of them.""",B-START,Chapter 26,test
139,"""My aunt,""","""is going to-morrow into that part of the town,       and I shall take the opportunity of calling in Grosvenor Street.""",B-START,Chapter 26,test
140,"""I       did not think Caroline in spirits,""","""but she was very glad       to see me, and reproached me for giving her no notice of my coming to       London. I was right, therefore, my last letter had never reached her. I       inquired after their brother, of course. He was well, but so much engaged       with Mr Darcy that they scarcely ever saw him. I found that MissDarcy       was expected to dinner. I wish I could see her. My visit was not long, as       Caroline and Mrs Hurst were going out. I dare say I shall see them soon       here.""",B-START,Chapter 26,test
141,"""My dearest Lizzy will, I am sure, be incapable of triumphing in her       better judgement, at my expense, when I confess myself to have been       entirely deceived in MissBingley's regard for me. But, my dear sister,       though the event has proved you right, do not think me obstinate if I       still assert that, considering what her behaviour was, my confidence was       as natural as your suspicion. I do not at all comprehend her reason for       wishing to be intimate with me; but if the same circumsances were to       happen again, I am sure I should be deceived again. Caroline did not       return my visit till yesterday; and not a note, not a line, did I receive       in the meantime. When she did come, it was very evident that she had no       pleasure in it; she made a slight, formal apology, for not calling before,       said not a word of wishing to see me again, and was in every respect so       altered a creature, that when she went away I was perfectly resolved to       continue the acquaintance no longer. I pity, though I cannot help blaming       her. She was very wrong in singling me out as she did; I can safely say       that every advance to intimacy began on her side. But I pity her, because       she must feel that she has been acting wrong, and because I am very sure       that anxiety for her brother is the cause of it. I need not explain myself       farther; and though we know this anxiety to be quite needless, yet       if she feels it, it will easily account for her behaviour to me; and so       deservedly dear as he is to his sister, whatever anxiety she must feel on       his behalf is natural and amiable. I cannot but wonder, however, at her       having any such fears now, because, if he had at all cared about me, we       must have met, long ago. He knows of my being in town, I am certain, from       something she said herself; and yet it would seem, by her manner of       talking, as if she wanted to persuade herself that he is really partial to       MissDarcy. I cannot understand it. If I were not afraid of judging       harshly, I should be almost tempted to say that there is a strong       appearance of duplicity in all this. But I will endeavour to banish every       painful thought, and think only of what will make me happy—your       affection, and the invariable kindness of my dear uncle and aunt. Let me       hear from you very soon. MissBingley said something of his never       returning to Netherfield again, of giving up the house, but not with any       certainty. We had better not mention it. I am extremely glad that you have       such pleasant accounts from our friends at Hunsford. Pray go to see them,       with Sir William and Maria. I am sure you will be very comfortable there.—Yours,       etc.""","""I am now convinced, my dear aunt, that I       have never been much in love; for had I really experienced that pure and       elevating passion, I should at present detest his very name, and wish him       all manner of evil. But my feelings are not only cordial towards him;       they are even impartial towards MissKing. I cannot find out that I hate       her at all, or that I am in the least unwilling to think her a very good       sort of girl. There can be no love in all this. My watchfulness has been       effectual; and though I certainly should be a more interesting object to       all my acquaintances were I distractedly in love with him, I cannot say       that I regret my comparative insignificance. Importance may sometimes be       purchased too dearly. Kitty and Lydia take his defection much more to       heart than I do. They are young in the ways of the world, and not yet open       to the mortifying conviction that handsome young men must have something       to live on as well as the plain.""",B-START,Chapter 26,test
142,,,B-OTHER,Chapter 26,test
